School,Staff Current,HC Email Source,2nd Email Source,3rd Email Source,Changes Made in Audit,Notes,Source URL
University of St. Thomas,confirmed-news,page,page,page,"c2/c3 swapped: Vavra (8th year, senior paid assistant) now c2; Casey (rejoined July 2026) now c3","Official staff directory lists Olean, Vavra, Casey with these emails. Pitching coach Neal Kunik left June 2026 (joined GoRout); no replacement pitching coach or recruiting coordinator listed, Olean works with the pitchers. Others listed are volunteers (Cranston, M. Jensen, J. Vavra, Snell).",https://tommiesports.com/staff-directory
Saint Mary's University of Minnesota,assumed-2026-page,page,page,page,,"Coaches page still labeled 2026 (Winecke, Morison, Dutler, Merchlewitz, Br. Frank Carr liaison). Morison's staff-directory title is Pitching Coach (coaches page says Assistant Baseball Coach). Winecke bio already references the 2027 season; no departure news found.",https://saintmaryssports.com/sports/baseball/coaches
Hamline University,assumed-2026-page,page,page,page,,"Domain is hamlineathletics.com. Page labeled 2026 (no 2027 page yet); all three emails on page. No departure news found. Other staff: Tyler Johnson (hitting), Jonah Smallfield (asst pitching/JV).",https://hamlineathletics.com/sports/baseball/coaches
Augsburg University,confirmed-2027-page,page,page,page,,"2027 page confirms Peterson (named HC July 2026 after Keith Bateman left for Concordia-Moorhead), Stomberg, Deden, Nutting (catchers, no email), Meiners (grad fellow). Former pitching coach Michael Jensen and Cam Fischer are gone from the 2027 page, so no titled pitching coach or recruiting coordinator; Stomberg and Deden have equal titles (Deden slightly more senior).",https://athletics.augsburg.edu/sports/baseball/coaches
Concordia University St. Paul,assumed-2026-page,page,page,page,,"Site blocks curl; read via WebFetch of the coaches page (labeled 2026) and Lerner's directory page. No pitching coach titled; Dahlke is recruiting coordinator. One search summary swapped the recruiting title onto McKenzie, but the official page shows Dahlke. Also on staff: Brendan Dye (gmail listed), Jared Everson (GA). No departure news found.",https://cspbears.com/sports/baseball/coaches
Winona State University,assumed-2026-page,page,page,page,c2_role: official title is Assistant Baseball Coach; bio says Pitching Coach / Assistant Coach,"Coaches page labeled 2026; emails on page. Other assistants: Tre Chatman, John Langan. No recruiting coordinator titled; Akre listed first among the remaining assistants. No departure news found.",https://winonastatewarriors.com/sports/baseball/coaches
South Dakota State University,assumed-2026-page,page,page,page,c3_role: official title is Assistant Coach; recruiting coordinator per bio,"Page labeled 2026; emails on page and also in the sdstate.edu directory (all three listed as current SDState Athletics). Other staff: Nate Robertson (Assistant Coach, joined fall 2025, no email listed). Brian Grunzke is now a temporary employee and not on the page.",https://gojacks.com/sports/baseball/coaches
University of Sioux Falls,confirmed-2027-page,page,page,page,,"Domain is usfcougars.com (curl blocked; read via WebFetch). Page is the 2027 staff: Hieb, Hirrschoff, Scherschligt, David Rodriguez (volunteer, no email).",https://usfcougars.com/sports/baseball/coaches
St. Ambrose University,confirmed-2027-page,page,page,blank-not-listed,,"Site is saubees.com (PrestoSports). Coldiron's bio says he was named pitching coach Aug 2026 (replaced Nick Vollmert). Current page lists only Huntley, Coldiron and a manager; 2025-26 assistant Joe Vaccaro is no longer listed, so c3 is blank. League: CCAC in 2025-26, but full HAAC membership begins 2026-27 (per HAAC and SAU releases), so HAAC is correct.",https://www.saubees.com/sports/bsb/coaches/index
Beloit College,confirmed-2027-page,page,blank-not-listed,blank-not-listed,,"Domain is beloitcollegeathletics.com. 2027 page: Kaveney (HC after Ed DeGeorge retired, announced Feb 2026), Mrizek, Peterson, Jim Winter (Asst Pitching Coach). Only Kaveney's email is shown on the page. No recruiting coordinator titled.",https://beloitcollegeathletics.com/sports/baseball/coaches
Lawrence University,assumed-2026-page,page,blank-not-listed,blank-not-listed,,"Page is 2026 season (no 2027 listing yet). Staff: Whitcomb HC; assistants Schild, Wilson, Courtney Watkins (all 'Assistant Coach'), 2 volunteers. No pitching coach/recruiting coordinator titled, no bios; c2/c3 kept. Assistant emails not on coaches page or bios; univ directory (find.lawrence.edu) returned no results without login.",https://vikings.lawrence.edu/sports/baseball/coaches
Ripon College,confirmed-2027-page,page,blank-not-listed,blank-not-listed,,2027 coaching staff page. Sal Bando Jr. hired as HC Aug 20 2026 (effective Aug 24; bio email bandosal@ripon.edu on page and bio). Eckhardt (Dir. of Pitching Development) and White (Asst Pitching Coach & RC) confirmed; also Alex Lopez (Assistant Baseball Coach) and 2 GAs. No emails listed for Eckhardt/White.,https://riponredhawks.com/sports/baseball/coaches
St. Norbert College,assumed-2026-page,page,page,blank-not-listed,,"Only Wallerich, Maus, Brauer on coaches page (2026 page; Wallerich bio says 9th season in 2026-27). HC title 'Assistant Athletic Director/Head Coach'. Brauer bio lists no email. No pitching/RC titles.",https://athletics.snc.edu/sports/baseball/coaches
University of Wisconsin-Whitewater,assumed-2026-page,page,page,page,c2/c3 swapped: Peyton Schneider (leads pitching staff per bio) now c2; Zach Bayreuther (recruiting coordinator per bio) now c3,"Coaches page titles both as 'Assistant Coach' (2026 page; 2025 national champs). Bios: Schneider 'leading the pitching staff'; Bayreuther 'assistant coach, hitting instructor and recruiting coordinator'. Ryne Willard is Student Assistant Coach (Pitching), not used.",https://uwwsports.com/sports/baseball/coaches
Carroll University,assumed-2026-page,page,page,page,league NACC->CCIW,"Carroll competes in the CCIW (Rear bio: returned to CCIW in 2017; 2026-27 bio, 14th season). Seth Smith listed 'Pitching Coach' on staff page (bio title Assistant Athletic Trainer / Assistant Baseball Coach). Yellovich page title 'Assistant Coach', bio 'Assistant Baseball Coach (Infield and Hitting)'. Other assistants: Dylan Callahan, Jacob Nitch, Justin Baker. No recruiting coordinator titled.",https://gopios.com/sports/baseball/coaches
Capital University,assumed-2026-page,page,page,page,,"Holden Martin is only paid assistant (covers infield, baserunning, recruiting); no pitching coach titled. c3 Aidan DeBolt is Graduate Assistant; other assistants are volunteers (Dickerson, E. Manahan, Marietta, Aman, Stucky, Bowles); Dickerson email ddickerson11@capital.edu on page. Location kept as input (official address Columbus, OH).",https://athletics.capital.edu/sports/baseball/coaches
Lewis University,confirmed-2027-page,page,page,page,,"2027 staff page (fetched via WebFetch; curl 403). Julio Godinez named HC June 12 2026; inaugural staff announced Aug 31 2026: Jack Murphy (Recruiting Coordinator / Hitting Coach; news calls him head assistant), Cameron Robinson (Pitching Coach), Christian Mitchelle and Davis Johnson (Assistant Coaches), Brandon Mahler (GA). c2_role for Robinson 'Pitching Coach'; c3_role title on page 'Recruiting Coordinator / Hitting Coach'.",https://lewisflyers.com/sports/baseball/coaches
Dominican University,assumed-2026-page,page,page,page,head coach title recorded as 'Assistant Director of Athletics/Head Baseball Coach',"No pitching coach titled; Dvorak (Assistant Baseball Coach/Recruiting Coordinator) is c2. c3 Tyler Kara (Assistant Baseball Coach, joined 2023; most senior of Kara, Payton Brooks, Matt Gilmer - last two newer, all with emails on page). Site domain dustars.com.",https://dustars.com/sports/baseball/coaches
University of Illinois Chicago,confirmed-2027-page,page,page,page,c2_role updated: title now Associate Head Coach (promoted Aug 2026); pitching coach/recruiting coordinator per bio,"2026-27 staff page. Mormann bio: promoted to Associate Head Coach Aug 2026, remains pitching coach and recruiting coordinator. c3 Cam Johnson (Assistant Coach/Hitting Coach, 3rd year) kept over Dominic Sciturro (Assistant Coach, 2nd year; no email listed). UIC won 2026 MVC titles.",https://uicflames.com/sports/baseball/coaches
Kalamazoo College,assumed-2026-page,page,page,page,c3_role updated to bio title 'Associate Head Coach / Recruiting Coordinator',"Coaches page (2026) lists Cooper as 'Assistant Coach / Recruiting Coordinator'; his bio says 'Associate Head Coach / Recruiting Coordinator'. Rehfeldt (Assistant Coach - Pitching Coach) returned June 2025. Other assistants: Turpin, Craig, McBride, Peterson, Ketelaar.",https://hornets.kzoo.edu/sports/baseball/coaches
Hope College,confirmed-2027-page,page,univ-dir,univ-dir,c2_email added huismanr45@hope.edu (univ dir); c3_email added fisherb75@hope.edu (univ dir),"2027 staff page: Dorow, Fisher (Asst Coach & Recruiting Coord, new for 2027; replaces Tom Kort), Huisman (Pitching Coach). Coach emails found in hope.edu/directory (not on athletics page).",https://athletics.hope.edu/sports/baseball/coaches
Calvin University,assumed-2026-page,page,page,page,c2 role annotated as pitching coach,"Latest page is 2026 (no 2027 page yet); no news of departures found. Former recruiting coordinator Cade Kontny (2024 hire) is no longer listed, so Roede stays c3. Domain is calvinknights.com.",https://calvinknights.com/sports/baseball/coaches
Albion College,confirmed-2027-page,page,page,page,c2 role annotated,"2027 staff page. Theisen is the only paid assistant (long pitching coach/recruiting coordinator history); rest are volunteers (Spangler, Brewer, Fullerton, Raether), so Spangler stays c3 as the only volunteer with a listed email. Domain gobrits.com.",https://gobrits.com/sports/baseball/coaches
Hillsdale College,confirmed-2027-page,page,page,blank-not-listed,"c2_email added ckanclerz@hillsdale.edu (page, decoded from Cloudflare-protected mailto)",2027 page lists only Vessella and Kanclerz; no c3. Confirmed G-MAC (joined 2018) via 2026 news.,https://hillsdalechargers.com/sports/baseball/coaches
Hanover College,confirmed-2027-page,page,blank-not-listed,blank-not-listed,,"2027 page: Bellak, Pennington, student assistant Drew Harned only. Pennington has no email on bio, coaches page or hanover.edu/staff. hanover.edu/staff also lists Jackson White as Intern/Assistant Baseball Coach (not on baseball page, so not slotted). Old Shayne Stock/Keaton Conner directory pages are stale (2018-19).",https://athletics.hanover.edu/sports/baseball/coaches/2027
University of Indianapolis,assumed-2026-page,page,page,page,,Latest page labeled 2026 (no 2027 page yet); no departures found in news. Hinerman listed as Pitching Coach on coaches page (bio says Assistant Coach). Devarie oversees hitters.,https://athletics.uindy.edu/sports/baseball/coaches
Franklin College,assumed-2026-page,page,page,page,,Latest page labeled 2026 (no 2027 page yet); no departures found. Marshall is also Director of Athletics. No pitching coach or recruiting coordinator designated; both assistants titled Assistant Baseball Coach.,https://franklingrizzlies.com/sports/baseball/coaches
John Carroll University,confirmed-2027-page,page,page,page,"league OAC->NCAC (JCU joined NCAC July 1, 2025)","2027 page: Bell, Mark, Mayle, Tatom, Bargar (jbarger email), Servidio (Pitching Coach). No recruiting coordinator designated; Mark (4th season) is senior assistant so stays c3.",https://jcusports.com/sports/baseball/coaches
Ohio Northern University,confirmed-2027-page,page,page,page,,"PrestoSports; bios say 2027 season. Staff is Stechschulte, Bedell, Kaffenbarger. No pitching coach or recruiting coordinator listed; Bedell (4th season) senior. Emails on bio pages.",https://www.onusports.com/sports/bsb/coaches/index
Wittenberg University,assumed-2026-page,page,blank-not-listed,page,c3 role annotated: recruiting coordinator per bio (added 2026),"Current index page lists Griffiths, Himsworth, Wagner, Vaughn, Lewis, Wolfe, McKee, Lucas, Hamilton. Wagner bio (Head Assistant Coach, Position Pitching) shows no email and none found in search. No departures found in news.",https://wittenbergtigers.com/sports/bsb/coaches/index
Marietta College,confirmed-2027-page,page,page,page,,"2027 page matches; Sullivan named HC June 2026, Liserio/Hunt new hires for 2027.",https://pioneers.marietta.edu/sports/baseball/coaches
Baldwin Wallace University,confirmed-2027-page,page,blank-not-listed,page,"c2/c3 swapped: Hagen is pitching coach per bio (11th season), Rosinski moved to c3",Hagen has no email on official coaches page or bio.,https://bwyellowjackets.com/sports/baseball/coaches
Emory University,assumed-2026-page,page,page,page,,Coaches page shows 2026 staff; no departures found in news.,https://emoryathletics.com/sports/baseball/coaches
Mercer University,assumed-2026-page,blank-unverifiable,blank-unverifiable,blank-unverifiable,c2 replaced: Josh Pike no longer at Mercer (now NC State GA) -> Kade McClure (hired Dec 2025); all emails blanked (unverifiable),"Mercer site blocked (403). Willie Stewart left for UCF Aug 2026; Rand/Williams status as c3 and recruiting coordinator unconfirmed (Matt Williams is the other assistant). McClure email mcclure_kr@mercer.edu appeared only in a search summary, not verified.",https://mercerbears.com/sports/baseball/coaches
Wofford College,confirmed-2027-page,page,page,page,,2027 page confirms all three and emails.,https://woffordterriers.com/sports/baseball/coaches
Presbyterian College,confirmed-news,page,page,page,c2 title updated: Smith elevated to Pitching Coach after 2026 season,"Coaches page still 2026 (lists Liriano-Hernandez, who left). Hunter Dilworth added Sept 17 2026 as Director of Pitching and Player Development. No recruiting coordinator listed; O'Neil is Associate Head Coach.",https://gobluehose.com/sports/baseball/roster/coaches/darrion-smith/1137
College of Charleston,confirmed-2027-page,blank-not-listed,page,page,,"Holbrook's own email not on official pages; gjormandse@cofc.edu is GM Sam Gjormand's, so left blank. Monte Lee is new Assistant Head Coach (leemw@cofc.edu).",https://cofcsports.com/sports/baseball/coaches
High Point University,confirmed-2027-page,page,page,page,"c2/c3 swapped: Edwards (former pitching coach, now Assoc HC) c2; Orndorff (recruiting) c3",2027 page. Matt Little is Director of Pitching Development (mlittle7@highpoint.edu) - alternate pitching contact.,https://highpointpanthers.com/sports/baseball/coaches
Campbell University,assumed-2026-page,page,page,page,"c2/c3 swapped: Stone is pitching coach per bio, Wyse recruiting coordinator",Page shows 2026 staff; only news change found is Tyler Cotto to Director of Player Development (July 2026). Seth LaRue is another assistant.,https://gocamels.com/sports/baseball/coaches
Samford University,assumed-2026-page,page,page,page,,Page is 2026; no departures found. Emails seen in raw HTML.,https://samfordsports.com/sports/baseball/coaches
Spring Hill College,confirmed-news,page,page,blank-not-listed,,"Gonzalez promoted to head coach June 23, 2026 (page title: Head Coach Baseball); coaches page reflects this. Only volunteers listed (Serio, Hunter, Jeff Wilson); no pitching or recruiting titles. Hunter has no email on page. SIAC through 2027, moving to Gulf South in 2028.",https://shcbadgers.com/sports/baseball/coaches
Lipscomb University,confirmed-news,univ-dir,univ-dir,univ-dir,"c3 replaced: Johnny Cardenas left for Arizona State (Director of Operations/Catching Coordinator, summer 2026) -> Desi Ammons (new assistant, ex-Columbia State head coach); c2 email filled: Robert.Zeigler@lipscomb.edu (univ directory)","lipscombsports.com returns 403 to curl and WebFetch; emails and titles for Forehand/Zeigler/Ammons come from lipscomb.edu/directory. Zeigler title 'Assistant Coach - Pitching' is from athletics-site page titles in search results; univ dir says 'Assistant Baseball Pitching Coach'. Ammons title is from univ dir (athletics-site title not seen). Jake Berg was elevated to Assistant Coach (hitting) Aug 26, 2026 (jacob.berg@lipscomb.edu in univ dir) and is a valid alternate for c3; Brian Ryman is Director of Operations. No explicit recruiting coordinator found.",https://lipscombsports.com/sports/baseball/coaches
Christian Brothers University,assumed-2026-page,page,page (also univ-dir),blank-not-listed,,"Page labeled 2026 lists only two coaches; no news of departures found. Sharp's email jsharp7@cbu.edu appears on the athletics page and on cbu.edu/directory (the 'j' is real, not a typo). Ullrich title: Head Baseball Coach/Assistant Director of Athletics for Facilities & Transportation; his email is from the athletics page only (cbu.edu directory page did not return it). No c3 exists.",https://cbubucs.com/sports/baseball/coaches
Maryville College,assumed-2026-page,page,page,page,c2 role clarified: staff-directory bio lists Mauriello as Assistant Baseball Coach / Pitching Coach,"Page labeled 2026 lists Helton, Mauriello, Jacob Johnston (no email listed), Reese; no departures found in news. Older sources listing TJ Wharton/Andrew Henry are stale. Reese chosen over Johnston because Johnston has no email listed.",https://mcscots.com/sports/baseball/coaches
Bellarmine University,confirmed-2027-page,page,page,page,,"athletics.bellarmine.edu shows '2027 Baseball Coaching Staff'; row matches exactly. Others: Seth Sweet-Chick (Assistant Coach), Will Kempf (Dir. Player Development/Operations).",https://athletics.bellarmine.edu/sports/baseball/coaches
Transylvania University,assumed-2026-page,page,page,page,,"Page labeled 2026 lists only three coaches; no pitching coach or recruiting coordinator listed, so top assistant Hann is c2. No 2026-27 staff news found.",https://transysports.com/sports/baseball/coaches
Georgetown College,assumed-2026-page,page,page,page,,"PrestoSports page (footer 2026, no season label) lists Guite, Stammler, Mirones (no title shown on the page; 'Assistant Coach' per other sources), plus a student manager. No departures found in news.",https://georgetowncollegeathletics.com/sports/bsb/coaches/index
Randolph-Macon College,assumed-2026-page,page (shared address),page,page (shared address),c2 role updated to current page title 'Assistant Coach (Pitching Development)' (was 'Pitching Coach'),"Kept shared Baseball@rmc.edu for Hedrick as instructed; no personal email found on athletics bios or rmc.edu. Mooney also lists only the shared address. Mooney's bio title includes Recruiting Coordinator; the coaches-table title omits it. Other staff: Tyler Dunn (Dir. Analytics), Eric Hill (Infield Coach). No 2026-27 staff changes found.",https://rmcathletics.com/sports/baseball/coaches
Hampden-Sydney College,confirmed-2027-page,page,page,page,"c3 changed: Aaron Miranda -> Billy Catron (18th year, most senior remaining assistant); c2 role clarified with bio (recruiting coordinator)","Page shows '2027 Baseball Coaching Staff' (Mulvey, Wien, Miranda, Catron; all assistants titled 'Assistant Baseball Coach'). No pitching coach listed. Miranda (hired Aug 2026, catching/offense, amiranda@hsc.edu) is a valid alternate for c3. Athletics domain is hscathletics.com.",https://hscathletics.com/sports/baseball/coaches
Christopher Newport University,assumed-2026-page,page,page,page,c2/c3 swapped: Frazier is CNU's pitching coach per bio -> c2; Wissinger -> c3,"Page labeled 2026 lists Harvell, Wissinger, Frazier. Sean Montgomery has an orphan bio page (Assistant Coach, no email) that is not on the staff table; ignored. No departures found in news.",https://www.cnusports.com/sports/baseball/coaches
Roanoke College,confirmed-2027-page,page,page,page,,"2027 staff page matches. Fourth assistant Ryan Brittle (joined fall 2025, ex-Ferrum HC, no email listed) has an equal title; no coordinator or pitching designation in official titles, so slots unchanged. Schaffner is described as pitching coach in bio/search summary.",https://roanokemaroons.com/sports/baseball/coaches
Millsaps College,confirmed-2027-page,page,page,page,,"2027 staff page (gomajors.com) lists Page, Hailey, Case Page, and Nathan Chilton (Assistant Baseball Coach, chiltnc@millsaps.edu; joined Aug 2025). All assistants have equal titles; no pitching coach or recruiting coordinator designated on official pages. Mike Bolsinger is no longer on the staff page.",https://gomajors.com/sports/baseball/coaches
Centenary College of Louisiana,confirmed-2027-page,page,page,page,,"Bios reference the 2027 season (Diaz enters 17th season). No pitching coach listed, so the recruiting coordinator is c2. Other staff: Tyler Welch (Assistant Coach, full-time since 2026; only a student-domain email listed, not used) and Tyler Herrera (student assistant).",https://www.gocentenary.com/sports/bsb/coaches/index
Loyola University New Orleans,confirmed-2027-page,page,page,blank-not-listed,league GCAC -> SSAC (Southern States Athletic Conference; baseball won the 2025 and 2026 SSAC tournaments),"Loyola will join NCAA D2 Gulf South Conference effective July 1, 2027 (2027-28), but for 2026-27 (2027 season) it is still NAIA/SSAC. Mills has no email on his bio or the directory; not guessed. Drew Lee is a GA.",https://loyolawolfpack.com/sports/baseball/coaches
Harding University,confirmed-2027-page,page,page,page,c2 replaced: Zach Beasley -> Zack Honey (Pitching Coach on 2027 staff page and directory); c3 replaced: Steven Markowitz -> Zach Beasley (Recruiting Coordinator); Beasley title updated to Associate Head Baseball Coach/Recruiting Coordinator (was Assistant Head),Verified via WebFetch of the 2027 page and the Honey and Beasley bio pages (curl gets 403). The default /coaches page still shows the stale 2026 staff. Markowitz remains Baseball Assistant Coach (smarkowitz@harding.edu).,https://hardingsports.com/sports/baseball/coaches/2027
Ouachita Baptist University,confirmed-news,page,page,page,"head coach: Luke Howard resigned (Sept 2026) -> Dave Brown named Interim Head Baseball Coach; c2 replaced: Dave Brown -> Chase Oberle (Pitching Coach, joined Sept 2026); c3: Beau Burson title updated to Recruiting Coordinator / Hitting Coach (promoted Sept 2026); Tallon Heine no longer in staff directory","The coaches page still shows the stale 2026 staff, but the staff directory and bios (Sept 2026) show the new alignment. Oberle is a former Tigers pitcher (2024-26); his email is on his staff-directory bio page. Where Howard went was not found; status of the head coach search is unknown.",https://obutigers.com/staff-directory
University of Texas at Dallas,confirmed-2027-page,page,blank-not-listed,page,"division NCAA D3 -> NCAA D2; league ASC -> Lone Star (LSC member since July 1, 2025; full D2 member approved July 2026)","2027 staff page: Graves, Freels, Holland (former MLB LHP, volunteer), David Bodzin (Volunteer Coach), and 2 GAs. Holland's email is not listed on the page or bio; not guessed. Freels is the only paid assistant.",https://utdcomets.com/sports/baseball/coaches
University of Dallas,assumed-2026-page,page,page,page,,"UNCERTAIN: the coaches page (labeled 2026, no 2027 season option) and the staff directory now list only Stickler (volunteer) and Wilson (GA). Grafton is absent from both and his staff-directory URL returns 404, though his roster/coaches bio page (egrafton@udallas.edu) is still live. Former GA Mason Steward is also gone. No news of a Grafton departure or a new hire found; confirm with the school before contacting. No paid assistants listed.",https://udallasathletics.com/sports/baseball/coaches
Austin College,assumed-2026-page,page,blank-not-listed,page,"slots swapped: Kyle Hope (pitching coach) -> c2, Drew Lancaster -> c3","Presto page is undated (2026 copyright). Staff: Counts, Lancaster, Hope, Zachary Sullivan (volunteer/S&C). Hope was hired June 2025 as pitching coach per a CBS 19 report on the Austin College news page; no email on his bio or the university directory. Justin Lambright is no longer on the staff page.",https://acroos.com/sports/bsb/coaches/index
University of St. Thomas (Houston),confirmed-2027-page,page,page,blank-not-listed,c2 role wording updated (coaches page: Pitching Coach; directory: Pitching Coach/Recruiting Coordinator),"2027 page lists Peterson, Williams, and assistants Blake Michalsky, Landon Murray, Brandt Wood (equal titles, no emails listed). Cole Wesneski (Assistant Coach/Recruiting Coordinator in 2026) is no longer listed. Michalsky was on the 2026 player roster, so Murray or Wood are possible alternatives for c3.",https://ustcelts.com/sports/baseball/coaches
Texas Lutheran University,assumed-2026-page,page,page,n/a-no-c3,,Only one assistant listed (plus student assistant Nolan Salinas); c3 stays blank. No 2026 departures/hires found in news.,https://tlubulldogs.com/sports/baseball/coaches
Hardin-Simmons University,assumed-2026-page,page,page,page,c2 role: listed title is 'Assistant Coach'; bio says assistant coach and recruiting coordinator,"Page bios updated after the 2026 season (ASC Coaching Staff of the Year, 26-16). No dedicated pitching coach; Loudermilk is recruiting coordinator. Quincy McGraw is an undergraduate assistant only.",https://hsuathletics.com/sports/baseball/coaches
University of Mary Hardin-Baylor,assumed-2026-page,page,page,blank-not-listed,c2/c3 roles annotated as part-time per staff directory,Only two assistants (both part-time) plus GA James McGlumphy. Hunter Jones has no email on coaches page or staff-directory bio. Steven Ridings (hired Aug 2024) no longer listed.,https://cruathletics.com/sports/baseball/coaches
Concordia University Texas,assumed-2026-page,page,page,page,,"Rodriguez email (Michael.Rodriguez@) is shown on his staff-directory page and coaches page (legal first name Michael), so it was kept. No pitching coach or recruiting coordinator title; Mokry was the pitching coach. Perez coaches outfielders. Volunteers: Keeney, Sini.",https://athletics.concordia.edu/sports/baseball/coaches
St. Edward's University,assumed-2026-page,page,page,page,"c2/c3 swapped: Flores is the pitching coach and recruiting coordinator per bio, so he takes c2; LaLonde (Associate Head Coach) moves to c3",Emails read via WebFetch of the official coaches and bio pages (site 403s curl). Search index shows a 2027 roster page still listing LaLonde and Flores. Damien Ovalle is Director of Baseball Player Development (no email listed).,https://gohilltoppers.com/sports/baseball/coaches
St. Mary's University,assumed-2026-page,page,page,page,,Gates's email is 'rgates1@' exactly as shown on the coaches page. Volunteers Jake Robles and Lee Tunnell are not used. No fall 2026 changes found.,https://rattlerathletics.com/sports/baseball/coaches
University of the Incarnate Word,assumed-2026-page,page,page,page,,Emails read via WebFetch of the official coaches page (curl is 403). Zaleski hired June 2025; Hellstrom and Reyes joined Aug 2025. Chance Medina is Director of Baseball Player Development.,https://uiwcardinals.com/sports/baseball/coaches
Abilene Christian University,confirmed-news,blank-unverifiable,page (round 1; site blocked in audit),page (round 1; site blocked in audit),"staff turnover noted: Brett Doe named Associate Head Coach July 2026, Colton Taylor hired assistant July 2026","acusports.com returns 403 to curl and the WebFetch text lacks emails. Search index shows a '2027 Baseball Coaches' page and 2027-era bios for Popham, Causey, Taylor and Doe. Popham has no 'coach' title but runs pitching. Causey joined June 2026 as Assistant Coach/Recruiting Coordinator (from Grand Canyon). Other staff: Brett Doe (Associate Head Coach), Colton Taylor (Assistant Coach, infield), Blaze Lambert (offensive coordinator, status unclear). Consider Doe as an alternate c3 if a verified email is found. | Restored c2/c3 emails: read from official page in round 1; netID format with hire-year codes matches hire dates (2025, 2026).",https://acusports.com/sports/baseball/coaches
Houston Christian University,assumed-2026-page,page,blank-not-listed,blank-not-listed,,"No pitching coach or recruiting coordinator is named on the official pages. Lousteau (Associate Head Coach) is c2. Cannon worked with pitchers and catchers at Wharton County JC, so he is c3 over new assistant Andrew Shaps (first year, Assistant Coach). Only VanderLaan's email is listed.",https://hcuhuskies.com/sports/baseball/coaches
University of Texas at San Antonio,confirmed-news,blank-not-listed,page,page,c3 role annotated: recruiting/offensive coordinator per bio,"Staff directory (current) lists Hallmark (no email), Aguayo, Butler, Cavazos, and Malone (Director of Player Development and Analytics). Butler and Aguayo are confirmed in the 2026 season staff. Bio text is dated 2023 but news confirms both are still on staff.",https://goutsa.com/staff-directory
