School,Division,League,Nickname,Location,Miles,Head Coach,Head Coach Email,2nd Contact,Role,2nd Contact Email,3rd Contact,Role,3rd Contact Email
University of St. Thomas,NCAA D1,Summit League,Tommies,"St. Paul, MN",468,Chris Olean,crolean@stthomas.edu,Packy Casey,Assistant Coach,packy.casey@stthomas.edu,Tanner Vavra,Assistant Coach/Director of Operations,tanner.vavra@stthomas.edu
Saint Mary's University of Minnesota,NCAA D3,MIAC,Cardinals,"Winona, MN",467,Nick Winecke,nwinecke@smumn.edu,Eli Morison,Pitching Coach,emorison@smumn.edu,Noah Dutler,Assistant Baseball Coach,ndutler@smumn.edu
Hamline University,NCAA D3,MIAC,Pipers,"St. Paul, MN",468,Jim Weyandt,jweyandt02@hamline.edu,Quinn Berglin,Baseball Pitching Coach,qberglin01@hamline.edu,Teague Bogenholm,Full-time Assistant Baseball Coach,tbogenholm02@hamline.edu
Augsburg University,NCAA D3,MIAC,Auggies,"Minneapolis, MN",468,Brock Peterson,peters55@augsburg.edu,Jeff Stomberg,Baseball Assistant Coach,stomberg@augsburg.edu,Troy Deden,Baseball Assistant Coach,deden@augsburg.edu
Concordia University St. Paul,NCAA D2,NSIC,Golden Bears,"St. Paul, MN",468,Neil Lerner,nlerner@csp.edu,Derek Dahlke,Assistant Coach / Recruiting Coordinator,dahlke@csp.edu,"Mark ""Lunch"" McKenzie",Assistant Coach,mckenzie@csp.edu
Winona State University,NCAA D2,NSIC,Warriors,"Winona, MN",473,Seth Wing,seth.wing@winona.edu,Jake Carlsen,Pitching Coach,jacob.carlsen@winona.edu,Travis Akre,Assistant Baseball Coach,travis.akre@winona.edu
South Dakota State University,NCAA D1,Summit League,Jackrabbits,"Brookings, SD",440,Rob Bishop,Rob.Bishop@sdstate.edu,Michael Newstrom,Pitching Coach,Michael.Newstrom@sdstate.edu,Danny Higginbotham,Assistant Coach/Recruiting Coordinator,Daniel.Higginbotham@sdstate.edu
University of Sioux Falls,NCAA D2,NSIC,Cougars,"Sioux Falls, SD",386,Grant Hieb,Grant.Hieb@USiouxFalls.edu,Rob Hirrschoff,Pitching Coach,Rob.Hirrschoff@USiouxFalls.edu,Brian Scherschligt,Assistant Coach,Brian.Scherschligt@USiouxFalls.edu
St. Ambrose University,NAIA,Heart of America (HAAC),Fighting Bees,"Davenport, IA",392,Tony Huntley,HuntleyTonyL@sau.edu,Ben Coldiron,Pitching Coach,bc0809884@sau.edu,,,
Beloit College,NCAA D3,Midwest Conference,Buccaneers,"Beloit, WI",526,Ryan Kaveney,kaveneyr@beloit.edu,Steve Mrizek,Pitching Coach,,Jeff Peterson,Hitting Coach,
Lawrence University,NCAA D3,Midwest Conference,Vikings,"Appleton, WI",614,Trent Whitcomb,trent.whitcomb@lawrence.edu,Colten Schild,Assistant Coach,,Tom Wilson,Assistant Coach,
Ripon College,NCAA D3,Midwest Conference,Red Hawks,"Ripon, WI",581,Sal Bando Jr.,bandosal@ripon.edu,Tom Eckhardt,Director of Pitching Development,,Jackson White,Assistant Pitching Coach & Recruiting Coordinator,
St. Norbert College,NCAA D3,NACC,Green Knights,"De Pere, WI",640,Mike Wallerich,mike.wallerich@snc.edu,Grant Maus,Assistant Coach,grant.maus@snc.edu,Kevin Brauer,Assistant Coach,
University of Wisconsin-Whitewater,NCAA D3,WIAC,Warhawks,"Whitewater, WI",558,John Vodenlich,vodenlij@uww.edu,Zach Bayreuther,Assistant Coach / Recruiting Coordinator,bayreutz@uww.edu,Peyton Schneider,Assistant Coach,schneidp@uww.edu
Carroll University,NCAA D3,NACC,Pioneers,"Waukesha, WI",584,Stein Rear,srear@carrollu.edu,Seth Smith,Pitching Coach,smiths@carrollu.edu,Jake Yellovich,Assistant Coach (Infield and Hitting),jyellovi@carrollu.edu
Capital University,NCAA D3,OAC,Comets,"Columbus (Bexley), OH",691,Scott Manahan,smanahan@capital.edu,Holden Martin,"Assistant Baseball Coach - Infielders, Baserunning, Recruiting",hmartin38@capital.edu,Aidan DeBolt,Graduate Assistant - Baseball,adebolt3@capital.edu
Lewis University,NCAA D2,GLVC,Flyers,"Romeoville, IL",508,Julio Godinez,jgodinez2@lewisu.edu,Cameron Robinson,Pitching Coach,crobinson11@lewisu.edu,Jack Murphy,RC/ Hitting Coach,jmurphy12@lewisu.edu
Dominican University,NCAA D3,NACC,Stars,"River Forest, IL",549,Steve Hardman,shardman@dom.edu,Seth Dvorak,Assistant Baseball Coach/Recruiting Coordinator,sdvorak@dom.edu,Tyler Kara,Assistant Baseball Coach,tkara1@dom.edu
University of Illinois Chicago,NCAA D1,MVC,Flames,"Chicago, IL",539,Sean McDermott,smac@uic.edu,Mitch Mormann,Associate Head Coach / Pitching Coach / Recruiting Coordinator,mmormann@uic.edu,Cam Johnson,Assistant Coach/Hitting Coach,camjoh31@uic.edu
Kalamazoo College,NCAA D3,MIAA,Hornets,"Kalamazoo, MI",658,Mike Ott,mott@kzoo.edu,Matt Rehfeldt,Assistant Coach - Pitching Coach,matthew.rehfeldt@kzoo.edu,Dylan Cooper,Assistant Coach / Recruiting Coordinator,dylan.cooper@kzoo.edu
Hope College,NCAA D3,MIAA,Flying Dutchmen,"Holland, MI",662,Ryan Dorow,dorow@hope.edu,Rick Huisman,Pitching Coach,,Brennan Fisher,Assistant Coach and Recruiting Coordinator,
Calvin University,NCAA D3,MIAA,Knights,"Grand Rapids, MI",697,Joel Schipper,joel.schipper@calvin.edu,Pat Clark,Assistant Coach,patrick.clark@calvin.edu,Nate Roede,Assistant Coach,nate.roede@calvin.edu
Albion College,NCAA D3,MIAA,Britons,"Albion, MI",701,Matt Rix,mrix@albion.edu,Gordie Theisen,Assistant Coach,gtheisen@albion.edu,Grant Spangler,Volunteer Assistant Coach,gspangler@albion.edu
Hillsdale College,NCAA D2,G-MAC,Chargers,"Hillsdale, MI",708,Tom Vessella,tvessella@hillsdale.edu,Cody Kanclerz,Assistant Baseball Coach,,,,
Hanover College,NCAA D3,HCAC,Panthers,"Hanover, IN",571,Grant Bellak,bellak@hanover.edu,Shaun Pennington,Assistant Baseball Coach,,,,
University of Indianapolis,NCAA D2,GLVC,Greyhounds,"Indianapolis, IN",512,Al Ready,readyaj@uindy.edu,Connor Hinerman,Pitching Coach,hinermanc@uindy.edu,EJ Devarie,Assistant Coach,devariee@uindy.edu
Franklin College,NCAA D3,HCAC,Grizzlies,"Franklin, IN",516,Lance Marshall,lmarshall@franklincollege.edu,Matthew Alter,Assistant Baseball Coach,malter@franklincollege.edu,Jake Sprinkle,Assistant Baseball Coach,jsprinkle@franklincollege.edu
John Carroll University,NCAA D3,OAC,Blue Streaks,"University Heights, OH",832,Bobby Bell,rbell@jcu.edu,Jake Servidio,Pitching Coach,jservidio18@jcu.edu,Keaton Mark,Assistant Coach,kmark@jcu.edu
Ohio Northern University,NCAA D3,OAC,Polar Bears,"Ada, OH",683,Gene Stechschulte,e-stechschulte@onu.edu,Hunter Bedell,Assistant Baseball Coach,h-bedell@onu.edu,Nate Kaffenbarger,Assistant Baseball Coach,n-kaffenbarger@onu.edu
Wittenberg University,NCAA D3,NCAC,Tigers,"Springfield, OH",642,Mitchell Griffiths,griffithsm@wittenberg.edu,Nick Wagner,Head Assistant Coach (Pitching Coach),,Darren Himsworth,Assistant Head Coach,himsworthd@wittenberg.edu
Marietta College,NCAA D3,OAC,Pioneers,"Marietta, OH",812,Tyler Sullivan,tms008@marietta.edu,Justin Liserio,Pitching Coach / Strength & Conditioning Coordinator,jl023@marietta.edu,Brennen Hunt,Hitting Coach / Recruiting Coordinator,blh004@marietta.edu
Baldwin Wallace University,NCAA D3,OAC,Yellow Jackets,"Berea, OH",816,Brian Harrison,bharriso@bw.edu,Matt Rosinski,Assistant Baseball Coach,mrosinsk@bw.edu,Steve Hagen,Assistant Coach,
Emory University,NCAA D3,UAA,Eagles,"Atlanta, GA",831,Bobby Perez,rmperez@emory.edu,Sam Carpenter,Pitching Coach,spcarpe@emory.edu,Trace Twardoski,Assistant Coach,ttward2@emory.edu
Mercer University,NCAA D1,SoCon,Bears,"Macon, GA",913,Craig Gibson,gibson_c@mercer.edu,Josh Pike,Pitching Coach,pike_j@mercer.edu,Jacob Rand,Assistant Coach,rand_jr@mercer.edu
Wofford College,NCAA D1,SoCon,Terriers,"Spartanburg, SC",934,J.J. Edwards,edwardsje@wofford.edu,Pat Brown,Associate Head Baseball Coach (pitching coach duties),brownpr1@wofford.edu,Corley Reynolds,Assistant Baseball Coach/Recruiting Coordinator,reynoldscj@wofford.edu
Presbyterian College,NCAA D1,Big South,Blue Hose,"Clinton, SC",965,Elton Pollock,epollock@presby.edu,Darrion Smith,Pitching Coach,darrionsmith@presby.edu,John O'Neil,Associate Head Coach,jroneil@presby.edu
College of Charleston,NCAA D1,CAA,Cougars,"Charleston, SC",1131,Chad Holbrook,,Will Dorton,Associate Head Coach/Co-Recruiting Coordinator,dortonww@cofc.edu,Adam Brown,Assistant Coach/Co-Recruiting Coordinator,brownad5@cofc.edu
High Point University,NCAA D1,Big South,Panthers,"High Point, NC",988,Joey Hammond,jhammon1@highpoint.edu,Derek Orndorff,Assistant Coach / Recruiting Coordinator,dorndorf@highpoint.edu,Jerry Edwards,Associate Head Coach,jedward8@highpoint.edu
Campbell University,NCAA D1,CAA,Fighting Camels,"Buies Creek, NC",1075,Chris Marx,cmarx@campbell.edu,Adam Wyse,Assistant Coach/Recruiting Coordinator,awyse@campbell.edu,Travis Stone,Assistant Coach,tstone@campbell.edu
Samford University,NCAA D1,SoCon,Bulldogs,"Birmingham, AL",706,Tony David,tgdavid@samford.edu,Tyler Shrout,Associate Head Coach (Pitching)/Recruiting Coordinator,tshrout@samford.edu,Gil Walker,Assistant Coach,rwalker2@samford.edu
Spring Hill College,NCAA D2,SIAC,Badgers,"Mobile, AL",855,Fernando Gonzalez,fgonzalez@shc.edu,Parker Serio,Volunteer Assistant Coach,pserio@shc.edu,Nick Hunter,Volunteer Assistant Coach,
Lipscomb University,NCAA D1,ASUN,Bisons,"Nashville, TN",588,Jeff Forehand,jeff.forehand@lipscomb.edu,Robert Zeigler,Assistant Coach - Pitching,,Johnny Cardenas,Assistant Coach - Hitting,johnny.cardenas@lipscomb.edu
Christian Brothers University,NCAA D2,Gulf South,Buccaneers,"Memphis, TN",471,Zach Ullrich,zullrich@cbu.edu,Andrew Sharp,Assistant Baseball Coach,jsharp7@cbu.edu,,,
Maryville College,NCAA D3,USA South,Scots,"Maryville, TN",766,Clint Helton,clint.helton@maryvillecollege.edu,Rocky Mauriello,Assistant Baseball Coach,rocky.mauriello@maryvillecollege.edu,Jimmy Reese,Assistant Baseball Coach,james.reese@maryvillecollege.edu
Bellarmine University,NCAA D1,ASUN,Knights,"Louisville, KY",540,Ben Reel,breel@bellarmine.edu,Ross Goldschlag,"Assistant Coach/Pitching, Baseball",rgoldschlag@bellarmine.edu,Vince Tornincasa,"Recruiting Coordinator/Assistant Coach, Baseball",vtornincasa@bellarmine.edu
Transylvania University,NCAA D3,HCAC,Pirates,"Lexington, KY",612,Zack Getsee,zgetsee@transy.edu,Colton Hann,Assistant Coach & Hitting Coach,chann@transy.edu,Dave Doolin,First Base Coach,ddoolin@transy.edu
Georgetown College,NAIA,Mid-South,Tigers,"Georgetown, KY",605,Randy Guite,randy_guite@georgetowncollege.edu,Val Stammler,Pitching Coach/Recruiting Coordinator,valentin_stammler@georgetowncollege.edu,Cameron Mirones,Assistant Coach,cmirones@georgetowncollege.edu
Randolph-Macon College,NCAA D3,ODAC,Yellow Jackets,"Ashland, VA",1093,Ray Hedrick,Baseball@rmc.edu,Jake Zappia,Pitching Coach,JakeZappia@rmc.edu,Kevin Mooney,Assistant Baseball Coach/Recruiting Coordinator/Director of Player Development,Baseball@rmc.edu
Hampden-Sydney College,NCAA D3,ODAC,Tigers,"Hampden-Sydney, VA",1062,Michael Mulvey,mmulvey@hsc.edu,Chad Wien,Assistant Baseball Coach,cwien@hsc.edu,Aaron Miranda,Assistant Baseball Coach,amiranda@hsc.edu
Christopher Newport University,NCAA D3,C2C,Captains,"Newport News, VA",1167,John Harvell,jharvell@cnu.edu,Andy Wissinger,Assistant Coach,wissinger@cnu.edu,Ron Frazier,Assistant Coach,ronald.frazier@cnu.edu
Roanoke College,NCAA D3,ODAC,Maroons,"Salem, VA",946,Brett Kaminski,bkaminski@roanoke.edu,Chip Schaffner,Assistant Baseball Coach,schaffner@roanoke.edu,Dave Christianson,Assistant Baseball Coach,christianson@roanoke.edu
Millsaps College,NCAA D3,SAA,Majors,"Jackson, MS",669,Jim Page,pagejj@millsaps.edu,Jackson Hailey,Assistant Baseball Coach,hailepj@millsaps.edu,Case Page,Assistant Baseball Coach,pagecj@millsaps.edu
Centenary College of Louisiana,NCAA D3,SCAC,Gents,"Shreveport, LA",541,Mike Diaz,mdiaz@centenary.edu,Matthew Lillard,Assistant Coach & Recruiting Coordinator,mlillard@centenary.edu,Chris Zapata,Assistant Coach & Head of Player Development,cpzapata@centenary.edu
Loyola University New Orleans,NAIA,GCAC,Wolf Pack,"New Orleans, LA",836,Jeremy Kennedy,jjkennedy@loyno.edu,Steven Bruce,Associate Head Coach,sdbruce@loyno.edu,Jake Mills,Assistant Coach,
Harding University,NCAA D2,GAC,Bisons,"Searcy, AR",437,Dr. Patrick McGaha,pmcgaha@harding.edu,Zach Beasley,Assistant Head Baseball Coach/Recruiting Coordinator,zbeasley@harding.edu,Steven Markowitz,Assistant Baseball Coach,smarkowitz@harding.edu
Ouachita Baptist University,NCAA D2,GAC,Tigers,"Arkadelphia, AR",455,Luke Howard,howardl@obu.edu,Dave Brown,Pitching Coach / Recruiting Coordinator,brownd@obu.edu,Beau Burson,Assistant Baseball Coach,bursonb@obu.edu
University of Texas at Dallas,NCAA D3,ASC,Comets,"Richardson, TX",458,Travis Graves,travis.graves@utdallas.edu,Derek Holland,Volunteer Assistant Baseball Pitching Coach,,Grant Freels,Assistant Coach,grant.freels@utdallas.edu
University of Dallas,NCAA D3,SCAC,Crusaders,"Irving, TX",514,Erik Grafton,egrafton@udallas.edu,Jordan Stickler,Volunteer Coach,jstickler@udallas.edu,Blake Wilson,Graduate Assistant,bwilson@udallas.edu
Austin College,NCAA D3,SCAC,Kangaroos,"Sherman, TX",407,Shawn Counts,scounts@austincollege.edu,Drew Lancaster,Asst. Baseball Coach,dlancaster@austincollege.edu,Kyle Hope,Asst. Baseball Coach,
University of St. Thomas (Houston),NCAA D3,SCAC,Celts,"Houston, TX",711,Torry Peterson,peterstj@stthom.edu,Mike Williams,Pitching Coach / Recruiting Coordinator,Mike.Williams@stthom.edu,Blake Michalsky,Assistant Coach,
Texas Lutheran University,NCAA D3,SCAC,Bulldogs,"Seguin, TX",764,Kyle Palmer,krpalmer@tlu.edu,Colton Parrish,Assistant Baseball Coach,cparrish@tlu.edu,,,
Hardin-Simmons University,NCAA D3,ASC,Cowboys,"Abilene, TX",609,Mitch Wilson,mitch.wilson@hsutx.edu,Andrew Loudermilk,Assistant Coach / Recruiting Coordinator,andrew.loudermilk@hsutx.edu,Austin Vaught,Assistant Coach,austin.vaught@hsutx.edu
University of Mary Hardin-Baylor,NCAA D3,ASC,Crusaders,"Belton, TX",645,Mike Stawski,mstawski@umhb.edu,Cooper Hake,Assistant Coach - Baseball,chake@umhb.edu,Hunter Jones,Assistant Coach - Baseball,
Concordia University Texas,NCAA D3,SCAC,Tornados,"Austin, TX",699,Clint Mokry,clint.mokry@concordia.edu,Caleb Rodriguez,Assistant Coach,Michael.Rodriguez@concordia.edu,Carlos Perez,Assistant Coach,carlos.perez@concordia.edu
St. Edward's University,NCAA D2,Lone Star,Hilltoppers,"Austin, TX",707,Ryan Femath,rfemath@stedwards.edu,Ransom LaLonde,Associate Head Coach,rlalond@stedwards.edu,Jeremy Flores,Assistant Baseball Coach,jflore74@stedwards.edu
St. Mary's University,NCAA D2,Lone Star,Rattlers,"San Antonio, TX",786,Frank Kellner,fkellner@stmarytx.edu,Zach Diaz,Assistant Baseball (Pitching) Coach,zdiaz4@stmarytx.edu,Jack Gates,Assistant Baseball Coach,rgates1@stmarytx.edu
University of the Incarnate Word,NCAA D1,Southland,Cardinals,"San Antonio, TX",778,Nick Zaleski,nzaleski@uiwtx.edu,Gunner Hellstrom,Assistant Baseball Coach/Pitching & Catching,hellstro@uiwtx.edu,Christian Reyes,Assistant Baseball Coach/Recruiting Coordinator & Infield,reyescos@uiwtx.edu
Abilene Christian University,NCAA D1,UAC,Wildcats,"Abilene, TX",609,Rick McCarty,,Casey Popham,Director of Pitching Development,cfp25a@acu.edu,Nate Causey,Assistant Coach / Recruiting Coordinator,nxc26a@acu.edu
Houston Christian University,NCAA D1,Southland,Huskies,"Houston, TX",719,Clay VanderLaan,cvanderlaan@hc.edu,Ryan Lousteau,Associate Head Coach,,John Cannon,Assistant Coach,
University of Texas at San Antonio,NCAA D1,American,Roadrunners,"San Antonio, TX",786,Pat Hallmark,,Zach Butler,Pitching Coach (listed title: Assistant Coach),zachary.butler@utsa.edu,Ryan Aguayo,Assistant Coach,ryan.aguayo@utsa.edu
