School,Notes,Source URL
Bucknell University,"Head coach Scott Heather had a medical emergency at practice on Apr 30, 2026 and is in recovery; per Bucknell's Aug 13, 2026 #WinforCoach release, Jason Neitz (previously pitching coach) continues as Acting Head Coach for 2026-27 (official title on the staff page is 'Acting Head Coach'). Heather is still listed first on the staff page with no title/email. Dressler is new for 2026-27, hired to work with the pitching staff (page title is just 'Assistant Coach'). No recruiting coordinator listed. Smith and Josh Kieffer (Assistant Coach, jmk059@bucknell.edu) both joined in Aug 2021, so they're equally senior; Smith was picked because he's listed first and has the hitting-coach title. The staff page is headed '2026 Baseball Staff' but already reflects the Aug 2026 changes. The athletics site blocks direct curl (Incapsula), so it was read through a page-reader proxy.",https://bucknellbison.com/sports/baseball/coaches
College of the Holy Cross,"No one has the title pitching coach; Tinkham's bio says most of his work is with the pitching staff, and he is also recruiting coordinator. Hawke (hitters/OF, hired for 2026) is listed with chawke@holycross.edu. The first initial doesn't match 'Jack', but this is the address the official page shows. Bobby Bordieri (Assistant Coach, hired for 2026) has no email listed. The page is still labeled '2026 Baseball Coaching Staff'. Searches found no staff changes after the 2026 season. Kahovec is under contract through 2028.",https://goholycross.com/sports/baseball/coaches
Tufts University,"All six assistants have the title 'Assistant Coach' (Rosen, Clarke, Curtin, McGowan, Reid, Fleischer), and no pitching coach or recruiting coordinator is designated. McGowan's bio says he 'assists primarily with the pitching staff', so he is c2, but no email is shown for him (blank, not guessed). His bio says he started as a volunteer assistant in 2023, so he may still be part-time. Reid is the only assistant with a listed email. The page is labeled '2026 Baseball Coaching Staff' and hasn't been updated for 2027. Some bios are stale (Bob Clarke's still mentions former head coach John Casey). Stark became head coach in Aug 2024.",https://gotuftsjumbos.com/sports/baseball/coaches
Brandeis University,"No recruiting coordinator listed. Jay Gamboa and Steven Simon (Assistant Coach) have no email listed. The page is still labeled '2026 Baseball Coaching Staff'. Searches found no 2026 staff-change news. The old PrestoSports URL (/sports/bsb/coaches/index) now 404s, so the Sidearm URL was used.",https://brandeisjudges.com/sports/baseball/coaches
Union College,"Muller's listed email is the generic program address baseball@union.edu, not a personal address; it's the only one the official page shows. The page header says '2026 Baseball Coaching Staff', but bios have been updated for 2027 (Beck 'returns for his second season ... in 2027'). Cole Paro (Assistant Baseball Coach, paroc@union.edu) is the 4th staff member.",https://unionathletics.com/sports/baseball/coaches
Whitman College,"The page is already labeled '2027 Baseball Coaching Staff'. No pitching coach or recruiting coordinator is designated, so the full-time assistants are ordered by seniority: Chavez joined before the 2026 season, and Harmon was hired in summer 2026 (from Utah Valley). Jack Bickerton, an assistant in 2026, is no longer listed. Peter Fowler (Volunteer Assistant Coach, fowlerp@whitman.edu) is also on staff. athletics.whitman.edu redirects to whitmanblues.com.",https://whitmanblues.com/sports/baseball/coaches
California Institute of Technology,Page still headed '2026 Baseball Coaching Staff' (no 2027 update yet). Craska became head coach Aug 2025 (pitching-minded HC); no separate pitching coach or recruiting coordinator listed. c3 is a volunteer and no email is shown for him. No 2026 summer/fall staff-change news found.,https://gocaltech.com/sports/baseball/coaches
University of Arkansas,"Emails from official staff directory (https://arkansasrazorbacks.com/staff-directory/). Hobbs's official title is just 'Assistant Coach'; he is the pitching coach per his bio and Aug 2026 news. Roster page still labels support staff '2025-26'. Aug 2026: Van Horn extended through 2031 and Wernes through 2028; no assistant departures found. Bobby Wernes (Assistant Coach, rtwernes@uark.edu) is the other full-time assistant.",https://arkansasrazorbacks.com/sport/m-basebl/roster/
University of Oklahoma,"Coaches page is titled '2027 Baseball Coaches'. No emails are shown for any baseball coach on the coaches page or the athletics staff directory, so all coach emails are blank. Only a baseball office phone is shown: (405) 325-8354. No separate pitching coach: Skip Johnson (HC) handles pitching, so c2 is the most senior assistant. Tyler Johnson (Skip's son) was hired July 2026 as 'assistant coach and scouting coordinator' (from his bio); he appears to fill the recruiting role, but 'Recruiting Coordinator' is not his listed title. Todd Butler (former assistant/RC) is no longer listed. Russell Raley (Assistant Coach) is also on staff. The site blocks direct curl, so it was read through a text proxy.",https://soonersports.com/sports/baseball/coaches
Arkansas State University,Page still headed '2026 Baseball Coaching Staff'. The staff directory shows the same names and emails. No summer/fall 2026 staff-change news found.,https://astateredwolves.com/sports/baseball/coaches
University of Arkansas at Little Rock,"The head coach email listed is the generic baseball@ualr.edu. No personal email is shown for Curry. Little Rock left the OVC and joined the United Athletic Conference on July 1, 2026. Coaches are listed on the roster page, which is labeled 2026. Parker was earlier titled 'Assistant Coach/Recruiting Coordinator'. His current title is 'Associate Head Coach', and no current recruiting coordinator is named. Other listed assistants: Charles Gravett (cgravett@ualr.edu), Alex Seguine, Angel Cano, Ryan Lumpkin.",https://lrtrojans.com/sports/baseball/roster
University of Central Arkansas,"League confirmed: UCA is one of five ASUN schools that moved to the all-sports UAC (the rebranded WAC) for 2026-27, so the 2027 baseball season is in the UAC. The page is still headed '2026 Baseball Coaching Staff'. Roles are copied verbatim, including the 'PItching' typo. Davenport's email (ddavenport1@uca.edu) is shown on the official coaches page and the staff directory, even though it does not match his first name. Holliday has no email on the coaches page or the staff directory, so it is blank. Lance Spigner (Assistant to the Head Coach) is also listed with no email.",https://ucasports.com/sports/baseball/coaches
University of Missouri-St. Louis,"New staff: Ullrich hired 7/15/2026 (from Christian Brothers); Walter hired 9/8/2026 (previously Longwood, offense/outfielders). 2027 coaches page lists only these two, so no pitching coach or recruiting coordinator named yet and c3 is blank. The athletics staff directory is stale: it still lists former assistants (Evan Furfaro, Tyler Sherman, Cole Schrank, Aaron Turner).",https://umsltritons.com/sports/baseball/coaches
Oklahoma Christian University,"The coaches page is still headed '2026 Baseball Coaching Staff' (not yet updated for 2027), and no fall 2026 staff-change news was found. The pitching coach has no email on the coaches page, his bio or the staff directory, so c2_email is blank. Recruiting coordinator Preston King's email is on an eagles.oc.edu domain, as shown on the page. The page also lists Cade Parent (Director of Baseball Operations, cade.parent@eagles.oc.edu) and assistants Sloan Laird, Tony Sabala and Naut Kragt (no emails).",https://oceagles.com/sports/baseball/coaches
Southwestern Oklahoma State University,"2027 coaches page. Head's email (larry.head@swosu.edu; JR is a nickname) is shown on the page. Neither assistant has an email on the coaches page, bio or staff directory, and neither is named pitching coach or recruiting coordinator, so they are ordered as listed. Staff turnover: the 2026 assistants (Schweinfurth, Davis, Marlow) are gone and Gaunt is new for 2027.",https://swosuathletics.com/sports/baseball/coaches
Lyon College,2027 coaches page. Schmidt and McCoy were added 6/30/2026; McCoy is a 2026 Lyon graduate who played catcher. McCoy's email as shown on the page is riley.mccoy@lyon.edu (presumably his legal first name).,https://lyonscots.com/sports/baseball/coaches
Blackburn College,"Emails are from the individual coach bio pages. Fisher has been head coach since July 2025. Hedges is listed as c2 because his bio says he works with the pitching staff and outfielders. No official pitching coach or recruiting coordinator title is used. The coaches page has no season label, and no 2026 staff-change news was found.",https://blackburnbeavers.com/sports/bsb/coaches/index
University of Health Sciences and Pharmacy in St. Louis,"Baseball appears to be discontinued. The athletics site (eutecticsports.com) now lists baseball under 'Archived Sports'. The baseball coaches page says 'That page is not currently set to be published', and the athletics staff directory has no baseball section. The last season was 2026 (AMC Tournament exit). In Feb 2026 UHSP agreed to merge into WashU, and its non-pharmacy programs end after 2026-27. There are no current coaches or emails to report. AMC is the last known conference, and the school likely will not field a 2027 team. No official announcement specifically about ending baseball was found.",https://eutecticsports.com/sports/bsb/coaches/index
Northwestern College,"Coaches page shows 2027 staff. Sean Pierce is new for 2027 and replaces Ben Coldiron, the 2026 pitching coach. No recruiting coordinator is listed, so c3 is the hitting coach (listed with a phone, so probably full-time). Also listed: Drew Nonnemacher, Assistant Coach - Junior Varsity (drew.nonnemacher@nwciowa.edu).",https://nwcraiders.com/sports/baseball/coaches
Mount Marty University,"Page is filtered to the 2027 staff. No pitching coach or recruiting coordinator is named. Evers is new for 2027 (not on the 2026 staff; formerly a GA at Dakota State). He is the only assistant whose job is solely baseball, so he is c2. Nelson splits time with sports information. GAs Jay Neugebauer and Danny Mosarah and volunteers Brett Cooley and Brandon Nickolite are listed without emails.",https://mountmartyathletics.com/sports/baseball/coaches
Central Baptist College,"Guyton was named head coach May 14, 2026 (per his bio). Morrison joined Aug 1, 2026 as recruiting coordinator/assistant. No pitching coach is designated. Hinson and Danilo Taborda (djtaborda@cbc.edu) both have the bare title 'Assistant Coach' and nothing shows which is more senior. Hinson was picked because he is listed first, so c3 could just as well be Taborda.",https://www.cbcmustangs.com/sports/bsb/coaches/index
Williams Baptist University,"Emails come from the coach bio pages (wbueagles.com/sports/bsb/coaches/Stephen_Abanathy and /Jared_Dahl). The coaches page lists only these two. The college directory (williamsbu.edu/directory) titles Dahl 'Assistant Head Baseball Coach' and also lists no other baseball staff, so c3 is blank. No pitching coach or recruiting coordinator is listed. Abanathy's bio says 'Year: 9' although he started in 2017, so the bio may not be updated yet; it does mention the 2026 season.",https://wbueagles.com/sports/bsb/coaches/index
Southwestern Illinois College,"The coaches page shows no emails. Garcia's and Fair's emails come from the SWIC athletics page (swic.edu/students/services/student-life/athletics/), where Fair is listed as the JV Baseball coach. Fair is the pitching coach. The coaches page bios read as written for the 2025-26 season ('sixth year', record through 2025), so the 2027 staff is not confirmed. No recruiting coordinator is listed. Blemler was picked for c3 by his title. Other staff, none with an email: Adam Donachie (3rd Base Coach/Catching Coach), Trevor Minder (Hitting Coach), Bill Lee (Bench Coach). The baseball program plays home games in Granite City. Region 24 standings show no baseball conference above the region, so league is the region.",https://www.swic.edu/students/services/student-life/athletics/baseball/coaches/
Black Hawk College,"Lorber has been head coach since Sept. 27, 2025; his title is 'Head Baseball Coach, Academic Success Coach'. All four assistants have the same title, 'Asst. Baseball Coach', and no pitching coach or recruiting coordinator is named. Viaene was picked for c2 because outside sources list him as the 2025-26 assistant, which makes him the most likely senior one. Gaskey (listed first) is c3, but the choice is arbitrary. The other two assistants are Adrien Reese (Reesea@bhc.edu; a former BHC pitcher, so possibly working with pitchers, unconfirmed) and Noah Wethington (Wethingtonn@bhc.edu). Gaskey, Reese and Wethington look like new, recently graduated coaches (Gaskey pitched for NIU as late as May 2026).",https://www.bhc.edu/athletics/baseball/
Heartland Community College,"From the official 2027-season coaching staff page. No pitching coach is listed, so c2 is the recruiting coordinator. Conflict: McGinnis's individual bio page gives his title as 'Recruiting Coordinator / Hitting Coach', but the 2027 staff list gives that title to Baylor Fish and lists McGinnis as Assistant Baseball Coach. I used the 2027 staff list. A 4th assistant, Corey Boyette (Assistant Baseball Coach), has no email listed. League per NJCAA Region 24 DII / MWAC.",https://heartlandhawks.com/sports/baseball/coaches
McCook Community College,"Both assistants are titled 'Assistant Coach'. Neither is listed as pitching coach or recruiting coordinator. Snook was put first because his bio describes pitching-staff work and he has a listed school email. Malone has no email on the page, only a cell phone (952-277-9857). The coaches page and bios have no season label, and Snook's bio says he 'returns ... for the 2025-26 year', so the 2026-27 staff is not confirmed. No staff-change news found. Region 9 baseball site lists McCook under Division I. Region IX is the conference (no separate league).",https://www.mccindians.com/sports/bsb/coaches/index
John A. Logan College,"Emails are from the individual coach bio pages on loganvols.com. Morey's bio says he leads the pitching staff. Bios look stale: Surprenant is 'in his 6th season' and Morey 'enters his 9th season ... in 2025-26'. The page offers seasons only through 2026, so a 2026-27 staff is not confirmed. Third-party sources also list Robb Wicks (assistant) and Ryan Hopkins (player development), but they are not on the current official coaches page. Kirkpatrick is also a high-school head coach and Reds associate scout, so he is likely part-time.",https://www.loganvols.com/sports/bsb/coaches/index
Murray State College,"From the official 2026-27 coaching staff page. Bjorling's official title is 'Head Baseball Coach/Asst. Athletic Director'. A 4th assistant, Matt Marsic (Assistant Coach), has no email listed. Division: played in the 2026 Region 2 DII tournament and the Region II stats site lists the team under div2 (DII), though one search summary said DI. Plays in the Region II West division. This is the Oklahoma college, not Murray State University (KY).",https://mscaggies.com/sports/baseball/coaches
East Central College,"The baseball coaching-staff page (sports.eastcentral.edu/mens-baseball/coaching-staff/) lists only Miller. Bax and both emails come from the ECC Athletics staff directory. Bax has no email listed, only phone 636-584-6664. No other assistant is listed, so c3 is blank. The pages have no season label, so the 2026-27 staff is not explicitly confirmed. Division: ECC is in the Region 16 DII baseball group (2025-26) with North Central MO and Moberly. Its conference name is uncertain: a search summary said MCCAC, but the Region 16 DII page lists no conference, so 'Region 16' is used.",https://sports.eastcentral.edu/staff-directory/
Illinois Central College,"From the official 2026-27 coaching staff page (bios updated 06/26/26). Neither assistant has an email listed, only the shared office phone (309) 694-5427. The official page gives both the title 'Assistant Coach'. Camp is in slot 2 because third-party listings call him the Pitching Coach, which the official page does not confirm. Helmick is the longer-tenured assistant (14th year). Ron Kelch was on the 2025-26 roster staff but is not on the 2026-27 list. John Dyke has a bio page (Assistant Coach, '2nd year at ICC') but is not on the 2026-27 staff list. League per Region 24 DII / MWAC.",https://illinoiscentralcougars.com/sports/baseball/coaches
